{
    "display": {
        "icon": {
            "item": "minecraft:stone_sword"
        },
        "title": {
            "text": "FBS Kit",
            "color": "white",
            "bold": false,
            "italic": false
        },
        "description": {
            "text": "Kit Datapack, gives new players a few useful items, adds kit commands.",
            "color": "green",
            "bold": false,
            "italic": true
        },
        "show_toast": false,
        "announce_to_chat": false,
        "frame": "goal"
    },
    "parent": "main:main/death",
    "criteria": {
        "tick": {
            "trigger": "minecraft:tick"
        }
    }
}